﻿<?xml version="1.0" encoding="UTF-8" standalone="yes"?>
<addon id="plugin.video.genesis" name="Genesis" version="1.2.4" provider-name="lambda">
	<requires>
		<import addon="xbmc.python" version="2.1.0"/>
		<import addon="script.module.metahandler" version="1.0.0"/>
		<import addon="script.module.urlresolver" version="1.0.0"/>
		<import addon="script.module.simplejson" version="2.0.10"/>
		<import addon="script.common.plugin.cache" version="0.9.1"/>
		<import addon="script.module.parsedom" version="0.9.1"/>
		<import addon="plugin.video.youtube" version="2.9.2"/>
	</requires>
	<extension point="xbmc.python.pluginsource" library="default.py">
		<provides>video</provides>
	</extension>
	<extension point="xbmc.service" library="service.py" start="startup">
	</extension>
	<extension point="xbmc.addon.metadata">
		<summary lang="en">The origins of streaming</summary>
		<description lang="en">The origins of streaming</description>
		<disclaimer lang="en">The author does not host or distribute any of the content displayed by this addon. The author does not have any affiliation with the content provider.</disclaimer>
		<forum>http://www.xbmchub.com/forums/lambdas-xbmc-repository/</forum>
		<source>https://github.com/lambda81/lambda-xbmc-addons</source>
		<website>http://www.xbmchub.com/</website>
		<platform>all</platform>
	</extension>
</addon>